<?xml version="1.0" encoding="UTF-8"?>
<project-private xmlns="http://www.netbeans.org/ns/project-private/1">
    <editor-bookmarks xmlns="http://www.netbeans.org/ns/editor-bookmarks/2" lastBookmarkId="0"/>
    <open-files xmlns="http://www.netbeans.org/ns/projectui-open-files/2">
        <group>
            <file>file:/opt/lampp/htdocs/M14_symfony/src/Vallbona/WebBundle/Resources/views/Default/index.html.twig</file>
            <file>file:/opt/lampp/htdocs/M14_symfony/src/Vallbona/WebBundle/Resources/views/Default/articles.html.twig</file>
            <file>file:/opt/lampp/htdocs/M14_symfony/app/AppKernel.php</file>
            <file>file:/opt/lampp/htdocs/M14_symfony/composer.json</file>
            <file>file:/opt/lampp/htdocs/M14_symfony/src/Vallbona/WebBundle/VallbonaWebBundle.php</file>
            <file>file:/opt/lampp/htdocs/M14_symfony/app/Resources/views/default/index.html.twig</file>
            <file>file:/opt/lampp/htdocs/M14_symfony/app/config/routing.yml</file>
            <file>file:/opt/lampp/htdocs/M14_symfony/src/Vallbona/WebBundle/Resources/config/routing.yml</file>
            <file>file:/opt/lampp/htdocs/M14_symfony/src/AppBundle/AppBundle.php</file>
            <file>file:/opt/lampp/htdocs/M14_symfony/src/Vallbona/WebBundle/Resources/views/Default/articlesDetall.html.twig</file>
            <file>file:/opt/lampp/htdocs/M14_symfony/composer.lock</file>
            <file>file:/opt/lampp/htdocs/M14_symfony/app/config/routing_dev.yml</file>
            <file>file:/opt/lampp/htdocs/M14_symfony/src/AppBundle/Controller/DefaultController.php</file>
            <file>file:/opt/lampp/htdocs/M14_symfony/src/Vallbona/WebBundle/Controller/DefaultController.php</file>
            <file>file:/opt/lampp/htdocs/M14_symfony/app/config/config.yml</file>
            <file>file:/opt/lampp/htdocs/M14_symfony/app/config/parameters.yml</file>
            <file>file:/opt/lampp/htdocs/M14_symfony/app/config/parameters.yml.dist</file>
        </group>
    </open-files>
</project-private>
